eric_id,first_name,last_name,state,office,district,party,matched_rip_entity_id,matched_rip_entity_name,matched_rip_entity_state,match_method,match_confidence,housefile_email_count_q3_2026,housefile_sms_count_q3_2026
"94c4eee4-fd81-43df-89cd-f6537d15ac0a","Mary","Peltola","AK","Senate","","Democrat","cmmkms5n60000l8x1ziupx1ie","Mary Peltola","AK","exact normalized full name","high","125","0"
"89b4ce61-d34b-44c6-9939-5b4d5f0df167","Dan","Sullivan","AK","Senate","","Republican","cmhkri3qg000ujr04ljpvglhw","Dan Sullivan","AK","exact normalized full name","high","67","0"
"dca27929-9539-4214-83ed-c2449c15e1ab","Tom","Cotton","AR","Senate","","Republican","cmhaq7nlt000nl104ugnl3dpl","Tom Cotton","AR","exact normalized full name","high","26","0"
"bc8c7c95-2129-4b94-85b9-571c472584f6","Hallie","Shoffner","AR","Senate","","Democrat","","","","unmatched","none","0","0"
"074ef7c0-5712-4093-82f8-5adde2922b35","Juan","Ciscomani","AZ","House","06","Republican","cmhccpmnf0000jx04xjvlxccu","Juan Ciscomani","AZ","exact normalized full name","high","53","77"
"23ac4bac-0ef7-49da-ad4c-d91fdc97d50b","Jay","Feely","AZ","House","01","Republican","cmnda8gh8000lgz2513ggiufg","Jay Feely","AZ","exact normalized full name","high","7","0"
"0c3f38ed-2ca5-4722-85d7-4c1ba4aafd88","Joanna","Mendoza","AZ","House","06","Democrat","","","","unmatched","none","0","0"
"58f8f7f4-eb76-4706-b91d-83d559510c29","Amish","Shah","AZ","House","01","Democrat","","","","unmatched","none","0","0"
"781582ce-73b5-45cc-b215-dd8a98739bab","Jim","Desmond","CA","House","48","Republican","cmme16q1e0004zjghoillpjul","Jim Desmond","CA","exact normalized full name","high","0","0"
"c3a70a32-bebf-47d1-b370-264e32b9d7b9","Adam","Gray","CA","House","13","Democrat","cmo8xqglk0003krgv6dvm210g","Adam Gray","CA","exact normalized full name","high","20","0"
"e76fd00e-6099-4c3e-8c90-29157b870cc5","Kevin","Lincoln","CA","House","13","Republican","cmkvhpmix000687ygmxcgtd1c","Kevin Lincoln","CA","exact normalized full name","high","5","0"
"137dce12-0b63-4422-9eb5-3da6a56eb8f9","Derek","Tran","CA","House","45","Democrat","cmml388r50000mckb92arj8b5","Derek Tran","CA","exact normalized full name","high","67","0"
"69a06cd2-4ce2-449b-b284-75f30a2244e4","David","Valadao","CA","House","22","Republican","cmmcblxtx0000cq0685z9xm0p","David Valadao","CA","exact normalized full name","high","8","0"
"3c85e90b-610b-4475-b690-0eeeb3361c1a","Randy","Villegas","CA","House","22","Democrat","","","","unmatched","none","0","0"
"ee5021f2-d8ad-4803-8e2a-70b4f75e9854","Chuong","Vo","CA","House","45","Republican","cmmbe3qi40005t20pma8yppcz","Chuong Vo","CA","exact normalized full name","high","78","0"
"6861f41d-ed5d-4be1-9112-55cda14fcf35","Marni","von Wilpert","CA","House","48","Democrat","","","","unmatched","none","0","0"
"4fb3fb4f-9538-4071-a3e0-b83bd8630573","Mark","Baisley","CO","Senate","","Republican","cmo05gmnm001c133xzo02gkj8","Mark Baisley","CO","exact normalized full name","high","26","0"
"fe6d2f36-74dd-4f14-99c2-20e97012be19","John","Hickenlooper","CO","Senate","","Democrat","cmhapsk9h0000l1044dd3k64u","John Hickenlooper","CO","exact normalized full name","high","160","0"
"3ff2e519-1538-4dc8-a607-6b8d513a8c69","Gabe","Evans","CO","House","08","Republican","cmmc6i0gj0005vo82cayopf3r","Gabe Evans","CO","exact normalized full name","high","42","0"
"3fb9533b-c95f-4cf0-bd81-cc51ce03ac17","Manny","Rutinel","CO","House","08","Democrat","cmmkp4c7u0021uubu0vfjk9se","Manny Rutinel","CO","exact normalized full name","high","78","0"
"47a168f1-073b-4628-9abc-953d0966f292","Chris","Coons","DE","Senate","","Democrat","cmmmudelb0009y5xdnsvgkzn1","Chris Coons","DE","exact normalized full name","high","18","0"
"f70c8615-80d0-437f-93f9-b645c09ffa93","Mike","Katz","DE","Senate","","Republican","cmmcbngjj0003rhmjjfqx9un3","Mike Katz","DE","exact normalized full name","high","28","0"
"677b6910-9ac7-4378-8753-470d43cc7320","Ashley","Moody","FL","Senate","","Republican","cmhcf6r190000l8048pbbjr7q","Ashley Moody","FL","exact normalized full name","high","33","0"
"41cebb8d-1517-4de8-bb2e-2f57825d64d6","Angie","Nixon","FL","Senate","","Democrat","cmovknxtd00032hmc2xu6t6w6","Angie Nixon","FL","exact normalized full name","high","40","0"
"5ab37e6c-7efe-4060-94c0-5f3d01cae094","Sydney","Gruters","FL","House","16","Republican","cmqa28dpj0000gud399rsf8l7","Sydney Gruters","FL","exact normalized full name","high","0","0"
"771b3286-5864-40b5-9097-76680f12fed3","Kelly","Kirschner","FL","House","16","Democrat","cmorco05z0006v2pz0sgpw0s6","Kelly Kirschner","FL","exact normalized full name","high","0","0"
"12da6d0b-4468-4d35-adf9-2bcd3dcd93ab","Jared","Moskowitz","FL","House","25","Democrat","","","","unmatched","none","0","0"
"234c755e-89b7-4c29-b3b1-8391c988ac0f","Scott","Singer","FL","House","25","Republican","cmndchxyd0002f5ql5vvzqurt","Scott Singer","FL","exact normalized full name","high","21","0"
"d98ec167-a20c-4cd2-9094-12b7bc2e3e48","Mike","Collins","GA","Senate","","Republican","cmioq38760008l704m2cnpdjz","Mike Collins","GA","exact normalized full name","high","70","22"
"f1440eb7-44fb-4c24-a035-e8c4e2018ba0","Jon","Ossoff","GA","Senate","","Democrat","cmhaprzs60000lg044m59d3iu","Jon Ossoff","GA","exact normalized full name","high","172","15"
"038e6bec-62f4-4ea6-88a3-43b340a4c939","Chris","Harden","GA","House","11","Democrat","","","","unmatched","none","0","0"
"2256ab8b-9ff7-446a-b825-36b7125f8ac6","Tricia","Pridemore","GA","House","11","Republican","cmouwecf60006fxlf52pu21lq","Tricia Pridemore","GA","exact normalized full name","high","0","0"
"d6279e43-f43f-4829-87ea-b2f600cd0050","Ashley","Hinson","IA","Senate","","Republican","cmhcct37j000ijx04mkdatvq7","Ashley Hinson","IA","exact normalized full name","high","75","371"
"b9a5d3d3-efe6-4d79-b018-93bf907b9efa","Josh","Turek","IA","Senate","","Democrat","cmq6x9ydy0001pycmdlqv6aii","Josh Turek","IA","exact normalized full name","high","135","3"
"1b99aeaf-6e12-4439-9934-8e66b66fd24e","Christina","Bohannan","IA","House","01","Democrat","","","","unmatched","none","0","0"
"2ad33816-d4d2-4494-ab4c-8bed18fb0ce3","Mariannette","Miller-Meeks","IA","House","01","Republican","cmhf96hxh0000js04pnp97lv1","Mariannette Miller-Meeks","IA","exact normalized full name","high","21","0"
"840b9c4f-5962-4239-9179-a6c99e7eb1e5","Zach","Nunn","IA","House","03","Republican","cmhccvmwm000il104uz5ncx0h","Zach Nunn","IA","exact normalized full name","high","92","0"
"bc08e086-65b2-46e5-9c14-9f971002e6ec","Sarah","Trone Garriott","IA","House","03","Democrat","cmi6uwt4o000ll5046apuh9p6","Sarah Trone Garriott","IA","exact normalized full name","high","63","0"
"6f0709ca-b66d-418b-aa34-13756bed47d3","Todd","Achilles","ID","Senate","","Independent","","","","unmatched","none","0","0"
"1146ad7f-0869-42b2-83c1-83f1777fb305","Jim","Risch","ID","Senate","","Republican","cmhf93aif0003ji04y1z1v23m","Jim Risch","ID","exact normalized full name","high","21","12"
"25615a15-d68f-4499-848b-6db22c2cc2f0","Juliana","Stratton","IL","Senate","","Democrat","cmn91wxey000kl5ah1n8vw4gf","Juliana Stratton","IL","exact normalized full name","high","70","0"
"d40bcbc7-34f0-49af-a668-d006ae98939a","Don","Tracy","IL","Senate","","Republican","cmmjok0qh0003jh21399kl8d7","Don Tracy","IL","exact normalized full name","high","11","0"
"0387f58a-3b5c-425b-872e-df7c2c75ece8","Adam","Hamilton","KS","Senate","","Democrat","cmon58siu00048ezap7ctkk4h","Adam Hamilton","KS","exact normalized full name","high","62","0"
"c0c01fd3-b8b0-4678-b2a8-561e4f481d63","Roger","Marshall","KS","Senate","","Republican","","","","unmatched","none","0","0"
"6396fa10-8523-4c05-a573-e65cb09473a6","Andy","Barr","KY","Senate","","Republican","cmixywim40000le04fecvdaxr","Andy Barr","KY","exact normalized full name","high","11","294"
"9594c065-b1f1-4dbb-929a-d389d49fffe0","Charles","Booker","KY","Senate","","Democrat","cmkh88mc90001l204n3buozc4","Charles Booker","KY","exact normalized full name","high","0","0"
"e64b85ea-996d-4e16-91bd-1eb73646a425","Jamie","Davis","LA","Senate","","Democrat","cmumr2c41000tpzmbp4q800if","Jamie Davis","LA","exact normalized full name","high","1","0"
"1a50e2a4-7bda-44c6-9932-68671f9bd65a","Julia","Letlow","LA","Senate","","Republican","cmmf1gzr700003jmjss3auj6m","Julia Letlow","LA","exact normalized full name","high","0","0"
"77d0aec3-48c6-43c7-b32a-0051f40005f8","John","Deaton","MA","Senate","","Republican","cmndhw4z80000380aeglsu2zv","John Deaton","MA","exact normalized full name","high","296","0"
"d3097c21-ea55-4e4f-af41-75fee6d87cfd","Ed","Markey","MA","Senate","","Democrat","cmhpabjw20003l104eifbpgsd","Ed Markey","MA","exact normalized full name","high","98","0"
"91dc6591-cd41-40c4-b57b-1c4cd81de05a","Seth","Moulton","MA","Senate","","Democrat","cmn91esat002hqbzoiabe0ab6","Seth Moulton","MA","exact normalized full name","high","91","0"
"abca6a2e-0a99-457a-8853-3f3f832373b1","Susan","Collins","ME","Senate","","Republican","cmhccomap0000l104hi3i71of","Susan Collins","ME","exact normalized full name","high","177","212"
"db2852fe-17eb-45e7-8549-9b05c1c5698c","Troy","Jackson","ME","Senate","","Democrat","cmrf0699h0000120u4g033xt0","Troy Jackson","ME","exact normalized full name","high","2","0"
"4b9de756-1f67-43f2-8d02-b107b2f4b29e","Abdul","El-Sayed","MI","Senate","","Democrat","cmn91cyg4000cuexbdp58w5wo","Abdul El-Sayed","MI","exact normalized full name","high","301","41"
"88914986-c18f-4e8c-9067-50c06d56b1b3","Mike","Rogers","MI","Senate","","Republican","cmhcctb6s0009l104pzj70xrn","Mike Rogers","MI","exact normalized full name","high","138","239"
"5fe60d8e-6d98-4307-829e-997a20e371ee","Tom","Barrett","MI","House","07","Republican","cmk2ptal50006le04xi84x62f","Tom Barrett","MI","exact normalized full name","high","8","0"
"076e7783-99f0-484e-b0f4-27723a850da4","Michael","Bouchard","MI","House","10","Republican","cmmf1lz3a00033jmjd93d6pt9","Michael Bouchard","MI","exact normalized full name","high","15","0"
"f240cd32-bf83-480d-9d34-600c0645bbdb","Tina","Hines","MI","House","10","Democrat","","","","unmatched","none","0","0"
"62c27f5f-bb77-4df1-9e6b-f2c0a8729479","William","Lawrence","MI","House","7","Democrat","","","","unmatched","none","0","0"
"fdf34e2d-ebbb-44cc-b55e-f65d37f1b375","Kristen","McDonald Rivet","MI","House","08","Democrat","cmn922zij000ql5ah3uwx1zm0","Kristen McDonald Rivet","MI","exact normalized full name","high","67","0"
"428300dd-9550-4e8a-abd0-ee524e82bb93","Thomas","Smith","MI","House","08","Republican","cmpcpadl40016k3ujlvy2btcr","Thomas Smith","MI","exact normalized full name","high","0","0"
"38a72101-ded7-4052-b978-b38ac2a77f7a","Angie","Craig","MN","Senate","","Democrat","cmnd7v45r0000zia8s6p3sd83","Angie Craig","MN","exact normalized full name","high","121","0"
"5a2e77c1-e1c6-43bb-844b-6ccd7099c94f","Michele","Tafoya","MN","Senate","","Republican","cmkpphdnq0001s4q6y104r2hc","Michele Tafoya","MN","exact normalized full name","high","0","0"
"6dae3b99-4ad1-4820-89eb-e65a5910859b","Scott","Colom","MS","Senate","","Democrat","","","","unmatched","none","0","0"
"e841156b-39e2-45a8-9861-b4c9c6aa3a15","Cindy","Hyde-Smith","MS","Senate","","Republican","cmo05jxfv002q133xliyc5srn","Cindy Hyde-Smith","MS","exact normalized full name","high","19","0"
"1788b23c-1cc7-4734-afb7-9dffec83b3a6","Kurt","Alme","MT","Senate","","Republican","cmme088gg0000zfgwhqstpwg7","Kurt Alme","MT","exact normalized full name","high","47","0"
"4e40a8b5-9305-4b13-a598-a72a78103887","Alani","Bankhead","MT","Senate","","Democrat","cmnhjxucm000010y3ka8c2va4","Alani Bankhead","MT","exact normalized full name","high","8","0"
"fbd61a5c-6a36-4c99-900a-bfd2957b6a60","Roy","Cooper","NC","Senate","","Democrat","cmhccsbbn0009jx04uq162j4b","Roy Cooper","NC","exact normalized full name","high","467","31"
"20652f76-b7d0-4b42-b1d6-6ce3ffd4ee13","Michael","Whatley","NC","Senate","","Republican","cmhccskbp000cjx0453223sgl","Michael Whatley","NC","exact normalized full name","high","182","190"
"7d587a47-8278-474f-9089-fe80daba0bc1","Laurie","Buckhout","NC","House","01","Republican","cmnys3ynj000087fktzeabkw0","Laurie Buckhout","NC","exact normalized full name","high","6","0"
"ff3e8510-8ac2-47d0-be40-fbbdc9444e0a","Don","Davis","NC","House","01","Democrat","","","","unmatched","none","0","0"
"85f9357d-032e-41ee-b248-ed5a87556fc1","Dan","Osborn","NE","Senate","","Independent","cmqznpi22000013av23yrqa6s","Dan Osborn","NE","exact normalized full name","high","38","0"
"db05d4c3-24f0-44bd-92a9-9aaf94ca11a7","Pete","Ricketts","NE","Senate","","Republican","cmmf5kh850000r6ptjkhjtduj","Pete Ricketts","NE","exact normalized full name","high","3","0"
"3794fc5e-41b8-4301-b88f-7a2358d982ee","Brinker","Harding","NE","House","02","Republican","","","","unmatched","none","0","0"
"caa9d0ba-b873-47bb-956b-785ccf7f124e","Denise","Powell","NE","House","02","Democrat","","","","unmatched","none","0","0"
"eb6a020a-eb9a-4d17-a50e-4a9f04892959","Scott","Brown","NH","Senate","","Republican","cmialvxlj0000ib04y1oo8x29","Scott Brown","NH","exact normalized full name","high","51","0"
"2e3f5280-dae3-41a5-affa-d62ee79f61e7","Chris","Pappas","NH","Senate","","Democrat","cmn9196ns002eqbzorlpgk7gc","Chris Pappas","NH","exact normalized full name","high","312","3"
"eeeb7b63-76bd-41fb-889f-59f266f74f4c","John","Sununu","NH","Senate","","Republican","cmi6upaqk0006l504p7po1xq2","John Sununu","NH","exact normalized full name","high","86","0"
"5f465f05-68d7-4fc9-9aa7-17362acbdb32","Cory","Booker","NJ","Senate","","Democrat","cmk5tlm5j0022jr046lny9lxq","Cory Booker","NJ","exact normalized full name","high","113","0"
"758a3164-fe43-41e7-9ef0-f0d7a8d7ac49","Justin","Murphy","NJ","Senate","","Republican","","","","unmatched","none","0","0"
"a42a4b40-7fa1-4762-9d06-fdcc476bbe3b","Rebecca","Bennett","NJ","House","07","Democrat","cmn91lw8s000quexbi4mqky7k","Rebecca Bennett","NJ","exact normalized full name","high","68","0"
"acefea07-df4e-4fec-8f9e-4f5aebadc501","Thomas","Kean","NJ","House","07","Republican","cmkvhwg8m000987ygjs4qqg7g","Tom Kean","NJ","normalized name + state","high","30","0"
"2edd6c46-0105-4d1a-8fce-fc53b67952de","Rosie","Pino","NJ","House","09","Republican","cmj01ckbh0000lb04kieg18w0","Rosie Pino","NJ","exact normalized full name","high","36","0"
"945304c3-da1d-4c97-8931-574662607ab8","Nellie","Pou","NJ","House","09","Democrat","cmn91rc4m0003hs79vtiieu1s","Nellie Pou","NJ","exact normalized full name","high","80","0"
"ea7b107c-20fc-43af-8f28-e3fa6393aebb","Ben Ray","Lujan","NM","Senate","","Democrat","cmn91mnr6000tuexbw05cjmxk","Ben Ray Lujan","NM","exact normalized full name","high","88","0"
"a96c9c3f-1f95-4bd8-ad5a-963d89de2fde","Larry","Marker","NM","Senate","","Republican","cmon58siu00098ezak1i3pduu","Larry Marker","NM","exact normalized full name","high","0","0"
"d70babe2-1045-40f6-8890-ea9d99f6dbb0","Greg","Cunningham","NM","House","02","Republican","cmtx3jlaf000foy698mtbncp2","Gregory Cunningham","NM","normalized name + state","high","7","1"
"d271a2bb-8187-442f-9bcb-1d29c69b5dcd","Gabe","Vasquez","NM","House","02","Democrat","cmo8xp4kb0000krgvt6ofp0x8","Gabe Vasquez","NM","exact normalized full name","high","136","0"
"b3c36e01-fcc4-4a2b-9422-98fdc5456d14","Carrie","Buck","NV","House","01","Republican","cml9qz5tw000011vcul82rssf","Carrie Buck","NV","exact normalized full name","high","16","0"
"1e8649db-4e4d-4591-a974-eeb163c3928b","Susie","Lee","NV","House","03","Democrat","cmn91qvxx0003l5ahhu3415aq","Susie Lee","NV","exact normalized full name","high","40","0"
"b747274a-8d8e-4e18-af99-8ab75116cf62","Marty","O'Donnell","NV","House","03","Republican","cmo7b5wsp0003ir2ezaa3bvll","Marty O'Donnell","NV","exact normalized full name","high","11","1"
"71850e89-1123-454e-8dc2-fffef33a2f4a","Dina","Titus","NV","House","01","Democrat","","","","unmatched","none","0","0"
"10a0f404-5efa-41ca-a54c-b990182c4617","Cait","Conley","NY","House","17","Democrat","cmqzf2iki00003svrqp0r6dt7","Cait Conley","NY","exact normalized full name","high","180","0"
"4d070fd9-cbe2-44a6-bc88-8b1f5a717a21","Jeanine","Driscoll","NY","House","04","Republican","cmosp3yf9000woo84xz95xr20","Jeanine Driscoll","NY","exact normalized full name","high","3","0"
"cd7386d4-6ce5-4142-a3fb-24a54403cf4d","Laura","Gillen","NY","House","04","Democrat","","","","unmatched","none","0","0"
"81d32e89-3d29-4c7c-a03e-ffcebeb1fee1","Mike","Lawler","NY","House","17","Republican","cmkbcydtk0000k104n7tts7o4","Mike Lawler","NY","exact normalized full name","high","39","0"
"18ca34f0-8a32-4640-8f17-17c34dc2eb71","Michael","LiPetri","NY","House","03","Republican","cmmoxupmf0000x5cxre8cf8hh","Mike LiPetri","NY","normalized name + state","high","3","13"
"be7d68c1-281c-4b77-b1c3-e61183d4bc1f","Mike","LiPetri","NY","House","03","Republican","cmmoxupmf0000x5cxre8cf8hh","Mike LiPetri","NY","exact normalized full name","high","3","13"
"6dd27f72-b5df-4e02-b16a-edae8aff7166","Peter","Oberacker","NY","House","19","Republican","cmnysngp90000on1kk6odkhea","Peter Oberacker","NY","exact normalized full name","high","20","0"
"038f8646-0919-479d-82e6-fcfae6cf9f66","Josh","Riley","NY","House","19","Democrat","cmtd45mu400038m2ri4aazxzd","Josh Riley","NY","exact normalized full name","high","41","0"
"004623cd-4a23-4690-b7fc-1dd863bada16","Tom","Suozzi","NY","House","03","Democrat","cmnrnmos20000lx9dh8o9c14e","Tom Suozzi","NY","exact normalized full name","high","0","0"
"9a378f75-3442-472b-b386-c599fce88b0b","Sherrod","Brown","OH","Senate","","Democrat","cmue7duqy0000sb3kl55aw6e2","Sherrod Brown","OH","exact normalized full name","high","42","0"
"130f80ef-d295-4b85-92df-c8ba0b3c56c9","Jon","Husted","OH","Senate","","Republican","cmhccuhn9000ojx04fgtwv8tm","Jon Husted","OH","exact normalized full name","high","51","1"
"06916c0b-3d6e-4009-b160-daed4fbc719f","Carey","Coleman","OH","House","13","Republican","cmnhjzc3b000y7hl6gystv7oq","Carey Coleman","OH","exact normalized full name","high","7","0"
"d547cba0-2bec-41cb-87ba-40678d0605a0","Eric","Conroy","OH","House","01","Republican","cmmgy6gzt0000cffvp29foo3l","Eric Conroy","OH","exact normalized full name","high","14","1"
"45dfcecb-43f4-4246-9784-0102bea4608d","Marcy","Kaptur","OH","House","09","Democrat","cmm9rz8pi00083peu1zcdbmwa","Marcy Kaptur","OH","exact normalized full name","high","59","0"
"c774c897-6432-434a-ae58-121081b37741","Greg","Landsman","OH","House","01","Democrat","","","","unmatched","none","0","0"
"298241e6-bb48-4b5f-bdb6-3212cb544a06","Derek","Merrin","OH","House","09","Republican","cmoa3lbtn0003iwjcwtw2il77","Derek Merrin","OH","exact normalized full name","high","12","0"
"8fcccdb6-131f-4274-9404-96db0a1fd7c3","Emilia","Sykes","OH","House","13","Democrat","cmo8xvghn0003nlemiysdl240","Emilia Sykes","OH","exact normalized full name","high","83","0"
"6e9a9ade-b456-4f7c-984c-7ab5541e6686","Kevin","Hern","OK","Senate","","Republican","cmmmu4yt700034aipgsov1wxq","Kevin Hern","OK","exact normalized full name","high","64","9"
"78b10c6b-c010-4e2e-a968-8c60e960c918","N'Kiyla Jasmine","Thomas","OK","Senate","","Democrat","","","","unmatched","none","0","0"
"9a98b4f6-364d-47e8-845b-417abe26c7c4","David","Brock Smith","OR","Senate","","Republican","cmo7cyhoi00151077lfjd1a3j","David Brock Smith","OR","exact normalized full name","high","20","0"
"30e683b0-9768-48c0-a70d-559b53c9a082","Jeff","Merkley","OR","Senate","","Democrat","cmn92jkzx003pl5ahbxb4ll7o","Jeff Merkley","OR","exact normalized full name","high","52","0"
"823192d0-25c0-4b05-8d7a-dcfd659fc1ec","Rob","Bresnahan","PA","House","08","Republican","cmhpg88ok0000l804xeia26ms","Rob Bresnahan","PA","exact normalized full name","high","27","0"
"a85351ce-674a-4dcc-9515-4c4ff236dd8b","Bob","Brooks","PA","House","07","Democrat","","","","unmatched","none","0","0"
"21639ad3-9148-4bad-894c-3f76595c9fb5","Paige","Cognetti","PA","House","08","Democrat","","","","unmatched","none","0","0"
"320fbc42-8d3e-4099-ab03-cdaf499083e4","Brian","Fitzpatrick","PA","House","01","Republican","cmn91jffu002nqbzoll6tt9wt","Brian Fitzpatrick","PA","exact normalized full name","high","32","89"
"315a512b-12f2-4a3a-9e65-25a0406858a3","Bob","Harvie","PA","House","01","Democrat","","","","unmatched","none","0","0"
"4ddb1ed5-530c-4c8b-ba7a-19f6de609f05","Ryan","Mackenzie","PA","House","07","Republican","cmht822dd0000jv04n5e3o2pu","Ryan Mackenzie","PA","exact normalized full name","high","0","0"
"739db3bb-5fa1-4a77-91c2-dab7063146ea","Scott","Perry","PA","House","10","Republican","","","","unmatched","none","0","0"
"4c9c62bc-f736-46ac-b61a-d4f0792891e1","Janelle","Stelson","PA","House","10","Democrat","","","","unmatched","none","0","0"
"2672c987-1829-4fc1-8bd7-f1d27e76fede","Raymond","McKay","RI","Senate","","Republican","cmod0lree00038hkk3gke268j","Ray McKay","RI","normalized name + state","high","12","0"
"dc46b6c4-1f30-42d9-8592-672ebd0726f0","Jack","Reed","RI","Senate","","Democrat","","","","unmatched","none","0","0"
"e69dbe01-f17a-4646-aab3-7441a298da58","Annie","Andrews","SC","Senate","","Democrat","cmouv0cdu0000j1xm3lm1833b","Annie Andrews","SC","exact normalized full name","high","135","0"
"e4a60fdf-9644-486f-a099-1c7a7685deb8","Darline","Graham","SC","Senate","","Republican","cmrz0cwhr000ws7wdnss6wot1","Darline Graham","SC","exact normalized full name","high","17","0"
"328681f9-2d86-4722-bb96-0f481f611890","Jenny","Costa Honeycutt","SC","House","01","Republican","","","","unmatched","none","0","0"
"596de1b3-33b5-4727-b490-4a140e48b6e8","Nancy","Lacore","SC","House","01","Democrat","","","","unmatched","none","0","0"
"d368312a-6761-482f-be0f-ae3232007f69","Mike","Rounds","SD","Senate","","Republican","cmhccs0l50006l10408t2atiq","Mike Rounds","SD","exact normalized full name","high","22","0"
"6dba50ef-3eaf-413b-a826-5c4540d54bd1","Marquita","Bradshaw","TN","Senate","","Democrat","","","","unmatched","none","0","0"
"b4152fe8-d0e9-4e67-95a2-d63f176325ac","Bill","Hagerty","TN","Senate","","Republican","cmhf6tiib0000js04qzmkt9x3","Bill Hagerty","TN","exact normalized full name","high","29","236"
"c01d02ff-ff2a-4aee-a19d-5166c76a7a8c","Ken","Paxton","TX","Senate","","Republican","cmhcdv7d80000l504p2srcfrr","Ken Paxton","TX","exact normalized full name","high","138","43"
"0c182485-d53d-4b7c-8d86-ef7bf1062201","James","Talarico","TX","Senate","","Democrat","cmht83jkg000klb04ljk3cczc","James Talarico","TX","exact normalized full name","high","138","0"
"cbd8b909-6148-47cc-a801-98c71967b1f1","Jon","Bonck","TX","House","38","Republican","cmouwr9gk000lfxlfmj6befyi","Jon Bonck","TX","exact normalized full name","high","0","0"
"37255897-3cc6-4568-953e-f2675e32244d","Henry","Cuellar","TX","House","28","Democrat","","","","unmatched","none","0","0"
"52814b53-7096-4b32-8d1f-ff46c0e0381c","Eric","Flores","TX","House","34","Republican","cml9r6ptz000ss3a5u4nt8xro","Eric Flores","TX","exact normalized full name","high","0","0"
"5fa1aa8d-92b6-4d79-908c-d4983e0bf348","Vicente","Gonzalez","TX","House","34","Democrat","cmn91yhpi0009hs79z6zzkf91","Vicente Gonzalez","TX","exact normalized full name","high","63","0"
"68c86241-e805-4e12-bca1-4e525232a1c6","Leticia","Gutierrez","TX","House","09","Democrat","","","","unmatched","none","0","0"
"eb8981b3-cb51-4c4b-a663-78eaed6c974b","Laura","Jones","TX","House","08","Democrat","","","","unmatched","none","0","0"
"eb6f5fc6-c015-4658-99c6-3def1a38262e","Melissa","McDonough","TX","House","38","Democrat","","","","unmatched","none","0","0"
"a1d95cc4-1a47-476a-b216-dc9391167dcb","Alex","Mealer","TX","House","09","Republican","cmpn75q8j0004lratdov1yd0l","Alexandra Mealer","TX","normalized name + state","high","3","0"
"8df413f1-1d1f-4ea9-865b-7a767770f7fe","Jessica","Steinmann","TX","House","08","Republican","cmk2s16x10003ju048yeoh95o","Jessica Steinmann","TX","exact normalized full name","high","0","0"
"b8624af9-ba28-4c4c-a06b-941c4903c6ec","Tano","Tijerina","TX","House","28","Republican","cmmdkfrqs002girnegvgdy6pa","Tano Tijerina","TX","exact normalized full name","high","2","1"
"0c584ae3-15da-4dbc-9f13-930d0b0bdb9a","Bert","Mizusawa","VA","Senate","","Republican","cmmfoaili00036cd0v3icegof","Bert Mizusawa","VA","exact normalized full name","high","36","0"
"4d575860-746b-4ef3-82da-d4dff5bd65b8","Mark","Warner","VA","Senate","","Democrat","cmu71tryx000813m5ftpd2w06","Mark Warner","VA","exact normalized full name","high","6","0"
"25f6e022-50f7-4b68-a583-f6b188ba6446","Jen","Kiggans","VA","House","02","Republican","cmhf94dtz000cji042ajb9ofz","Jen Kiggans","VA","exact normalized full name","high","73","85"
"6963b241-2635-4dd6-a432-05f5d14ae929","Elaine","Luria","VA","House","02","Democrat","","","","unmatched","none","0","0"
"b97d20ef-2d65-4627-8360-1b32f7204369","Douglas","Ollivant","VA","House","07","Republican","cmioq0w6l0003lb04r8xsm19j","Doug Ollivant","VA","normalized name + state","high","14","0"
"8761865b-dd99-4dc8-ad83-9e21d6258340","Shannon","Taylor","VA","House","01","Democrat","","","","unmatched","none","0","0"
"1e4c2eb6-6f0f-4e9d-97a7-d7068c83d287","Eugene","Vindman","VA","House","07","Democrat","cmj9a1vmk000hjj04l4qrnv7n","Eugene Vindman","VA","exact normalized full name","high","54","0"
"62da7cc1-3354-4382-8d4d-268bd48a0c3a","Rob","Wittman","VA","House","01","Republican","cmhccrr7l0006jx04u8mk18us","Rob Wittman","VA","exact normalized full name","high","18","0"
"483c3010-8b86-45a3-bf7c-b962c5382956","John","Braun","WA","House","03","Republican","cmm9s3nz9000d3peuyaxsrzi2","John Braun","WA","exact normalized full name","high","11","0"
"ea4c8e9d-0abc-4c72-bbbe-cb0c356ed88a","John","Duresky","WA","House","04","Democrat","","","","unmatched","none","0","0"
"2bc2052a-f2b1-451f-a129-704194d37510","Marie","Gluesenkamp Perez","WA","House","03","Democrat","","","","unmatched","none","0","0"
"75760f39-9ad3-4be7-a491-b36bb72a8ddf","Amanda","McKinney","WA","House","04","Republican","cmnd7owom000071ywiteq73ks","Amanda McKinney","WA","exact normalized full name","high","7","2"
"cc6e34fe-36ee-4982-b8a5-7b8a1f6c8e46","Mitchell","Berman","WI","House","01","Democrat","cmtd3xksn00038y9zblel07kd","Mitchell Berman","WI","exact normalized full name","high","24","0"
"942e10fc-9296-48c6-83b3-c2b2207b98a5","Rebecca","Cooke","WI","House","03","Democrat","cmht82yuy0003jv042qxsuyte","Rebecca Cooke","WI","exact normalized full name","high","78","0"
"1abdf786-8545-46d8-a12b-5370d30da2d1","Bryan","Steil","WI","House","01","Republican","cmhkrj1wc0006jv04bjp6yzga","Bryan Steil","WI","exact normalized full name","high","77","120"
"b0c45d2c-b918-4ebc-9719-1278fdaafec5","Derrick","Van Orden","WI","House","03","Republican","cmhccstx4000fjx04daif141j","Derrick Van Orden","WI","exact normalized full name","high","23","41"
"c3ff221e-841d-4fb1-a4ae-2f7f5718eb23","Rachel","Fetty Anderson","WV","Senate","","Democrat","","","","unmatched","none","0","0"
"9966120a-b23c-4a36-ac39-990fa649c088","Shelley","Moore Capito","WV","Senate","","Republican","cmk2pul9k0009le04k1ga7q8p","Shelley Moore Capito","WV","exact normalized full name","high","3","0"
"5d1e279e-d7ab-4a4d-9afe-6baab31dad43","James","Byrd","WY","Senate","","Democrat","","","","unmatched","none","0","0"
"f7ecfb38-0977-426e-84ea-aba623d8e8ab","Harriet","Hageman","WY","Senate","","Republican","cmi6uzh30000ol504f6o80bc3","Harriet Hageman","WY","exact normalized full name","high","0","96"
